{
    "bss1": [
        [
            2442.1847868377777,
            3735.6540766155554
        ],
        [
            2121.82737026,
            985.59148072
        ],
        [
            1216.0773542733334,
            1981.0366007393334
        ],
        [
            3775.5474142020003,
            1364.299578094
        ],
        [
            2894.8779237827275,
            3064.358491539091
        ],
        [
            463.4775191930769,
            1374.6788153500001
        ],
        [
            770.4319213757143,
            2784.5246933678573
        ],
        [
            2781.668990707,
            1650.267288984
        ],
        [
            3023.8965586806453,
            501.84647626774193
        ],
        [
            393.444811359,
            507.171871514
        ],
        [
            1303.534127376875,
            498.161584304375
        ],
        [
            3611.0887510442853,
            3624.4303957757143
        ],
        [
            977.568246045,
            3712.1116355225
        ],
        [
            3673.2715929614287,
            2502.0935382899997
        ],
        [
            2364.74732342,
            2160.698351001111
        ],
        [
            1783.591316977857,
            2929.588536710714
        ]
    ],
    "bss2": [
        [
            2442.1847868377777,
            3735.6540766155554
        ],
        [
            2121.82737026,
            985.59148072
        ],
        [
            1216.0773542733334,
            1981.0366007393334
        ],
        [
            3775.5474142020003,
            1364.299578094
        ],
        [
            463.4775191930769,
            1374.6788153500001
        ],
        [
            770.4319213757143,
            2784.5246933678573
        ],
        [
            2781.668990707,
            1650.267288984
        ],
        [
            393.444811359,
            507.171871514
        ],
        [
            1303.534127376875,
            498.161584304375
        ],
        [
            3611.0887510442853,
            3624.4303957757143
        ],
        [
            977.568246045,
            3712.1116355225
        ],
        [
            3673.2715929614287,
            2502.0935382899997
        ],
        [
            2364.74732342,
            2160.698351001111
        ],
        [
            1783.591316977857,
            2929.588536710714
        ]
    ],
    "bss3": [
        [
            2442.1847868377777,
            3735.6540766155554
        ],
        [
            2121.82737026,
            985.59148072
        ],
        [
            1216.0773542733334,
            1981.0366007393334
        ],
        [
            3775.5474142020003,
            1364.299578094
        ],
        [
            2894.8779237827275,
            3064.358491539091
        ],
        [
            463.4775191930769,
            1374.6788153500001
        ],
        [
            770.4319213757143,
            2784.5246933678573
        ],
        [
            2781.668990707,
            1650.267288984
        ],
        [
            393.444811359,
            507.171871514
        ],
        [
            1303.534127376875,
            498.161584304375
        ],
        [
            3611.0887510442853,
            3624.4303957757143
        ],
        [
            977.568246045,
            3712.1116355225
        ],
        [
            3673.2715929614287,
            2502.0935382899997
        ],
        [
            2364.74732342,
            2160.698351001111
        ],
        [
            1783.591316977857,
            2929.588536710714
        ]
    ],
    "bss4": [
        [
            2543.887857029301,
            534.7453327009852
        ],
        [
            453.9021362995236,
            3271.0984462587394
        ],
        [
            2329.1228333930794,
            2064.640822938808
        ],
        [
            1361.2084934566526,
            1092.6425669069158
        ],
        [
            2582.3807987129935,
            3213.2420801175317
        ],
        [
            3544.875732698151,
            2092.6449827738443
        ],
        [
            1443.0671342393719,
            3694.9008620869713
        ],
        [
            1108.9816460693935,
            220.18844601319734
        ],
        [
            3475.352901814908,
            807.0136725395246
        ],
        [
            777.9950804344596,
            2247.5649606921857
        ],
        [
            3782.4363117125636,
            2798.6875628108446
        ],
        [
            300.2957381260323,
            760.0696899298459
        ]
    ],
    "bss5": [
        [
            2543.887857029301,
            534.7453327009852
        ],
        [
            1361.2084934566526,
            1092.6425669069158
        ],
        [
            2582.3807987129935,
            3213.2420801175317
        ],
        [
            3544.875732698151,
            2092.6449827738443
        ],
        [
            1443.0671342393719,
            3694.9008620869713
        ],
        [
            1108.9816460693935,
            220.18844601319734
        ],
        [
            3475.352901814908,
            807.0136725395246
        ],
        [
            777.9950804344596,
            2247.5649606921857
        ],
        [
            3782.4363117125636,
            2798.6875628108446
        ],
        [
            300.2957381260323,
            760.0696899298459
        ]
    ],
    "bss6": [
        [
            2543.887857029301,
            534.7453327009852
        ],
        [
            2329.1228333930794,
            2064.640822938808
        ],
        [
            1361.2084934566526,
            1092.6425669069158
        ],
        [
            2582.3807987129935,
            3213.2420801175317
        ],
        [
            3544.875732698151,
            2092.6449827738443
        ],
        [
            1443.0671342393719,
            3694.9008620869713
        ],
        [
            1108.9816460693935,
            220.18844601319734
        ],
        [
            3475.352901814908,
            807.0136725395246
        ],
        [
            777.9950804344596,
            2247.5649606921857
        ],
        [
            3782.4363117125636,
            2798.6875628108446
        ],
        [
            300.2957381260323,
            760.0696899298459
        ]
    ],
    "bss7": [
        [
            2480.0709507835186,
            3545.92609620399
        ],
        [
            1175.2011830126548,
            1319.7780255441623
        ],
        [
            2406.8133078868846,
            1239.0037112326347
        ],
        [
            708.7061899013,
            2611.2839427241865
        ],
        [
            3471.9729969369446,
            723.0493340142802
        ],
        [
            287.7191885735813,
            1164.7766707957185
        ],
        [
            3381.343877342732,
            1758.243555628006
        ],
        [
            1452.4214640402606,
            3752.990452714016
        ],
        [
            2471.911236857939,
            2368.2719148688993
        ],
        [
            2501.7160199480954,
            299.5093783395316
        ],
        [
            3351.6259148652703,
            2666.393566223302
        ],
        [
            1566.8254774571085,
            556.3486720775285
        ],
        [
            1745.0273337564843,
            2886.0774144926145
        ],
        [
            376.234040486112,
            3805.3749012072917
        ],
        [
            520.6608650549915,
            234.53955329301584
        ],
        [
            3522.4704019525966,
            3392.8902904130996
        ]
    ],