{
  "10": {
    "obf": 332.2454315777238,
    "bss_locations": [
      [
        2037.1866015642856,
        2959.253412092381
      ],
      [
        448.36530565409066,
        952.5124804131818
      ],
      [
        924.8362127492001,
        3589.0190880004
      ],
      [
        3594.8774285516665,
        809.6226099333335
      ],
      [
        3011.7007569015,
        3538.909196397
      ],
      [
        1404.685980393158,
        554.7095368131577
      ],
      [
        3636.3798280969995,
        2519.688067512
      ],
      [
        987.5002202312503,
        2227.74892708375
      ],
      [
        2789.1740883303846,
        515.4210868157688
      ],
      [
        2509.932525467143,
        1716.9802226190477
      ]
    ]
  },
  "11": {
    "obf": 332.29602351988166,
    "bss_locations": [
      [
        924.8362127492001,
        3589.0190880004
      ],
      [
        2260.148201667222,
        707.0633242355555
      ],
      [
        3363.5078582215383,
        3389.5870334407696
      ],
      [
        1155.528198865625,
        495.71643850375017
      ],
      [
        3235.2584311114815,
        588.3178593418518
      ],
      [
        2038.8438958573684,
        2869.7364038242104
      ],
      [
        426.6314129435,
        1006.9807653930001
      ],
      [
        3704.617919151111,
        2310.299212248889
      ],
      [
        987.5002202312503,
        2227.74892708375
      ],
      [
        2489.4499491554543,
        3658.921703441818
      ],
      [
        2558.476070875,
        1804.1050643927779
      ]
    ]
  },
  "12": {
    "obf": 332.1404538822947,
    "bss_locations": [
      [
        3180.4938081736664,
        604.8629075516667
      ],
      [
        1170.562831815,
        1998.4717347728572
      ],
      [
        2579.602752338125,
        3443.366807993125
      ],
      [
        977.568246045,
        3712.1116355225
      ],
      [
        786.0303747857147,
        506.1569890038095
      ],
      [
        3646.6035936099997,
        2357.955969884
      ],
      [
        1921.66525740125,
        2883.619936146875
      ],
      [
        2062.1902737858823,
        629.9447821958822
      ],
      [
        770.4319213757142,
        2784.5246933678573
      ],
      [
        463.4775191930769,
        1374.6788153500001
      ],
      [
        3470.2822799309997,
        3481.910715041
      ],
      [
        2536.843084506316,
        1778.3626512921053
      ]
    ]
  },
  "13": {
    "obf": 331.57228389717,
    "bss_locations": [
      [
        3383.4272910949994,
        3439.8137205108333
      ],
      [
        1792.5193608966667,
        2510.0291242216663
      ],
      [
        1193.1445637493334,
        503.5345258319999
      ],
      [
        2938.705418741667,
        542.8540632050001
      ],
      [
        788.4813733179999,
        2751.4499742420003
      ],
      [
        356.37481919866696,
        790.632375288
      ],
      [
        2632.5572936500002,
        1787.5105450375
      ],
      [
        3628.4023440788887,
        2452.0545778166666
      ],
      [
        1035.5242243940909,
        3674.5696772877277
      ],
      [
        3740.193784551111,
        756.2740309100002
      ],
      [
        809.4246854806665,
        1668.4873975173332
      ],
      [
        2127.2604614346155,
        791.3712878346153
      ],
      [
        2449.2566485494117,
        3422.162434907059
      ]
    ]
  },
  "14": {
    "obf": 333.703341060561,
    "bss_locations": [
      [
        2129.052906105625,
        2764.765521341875
      ],
      [
        1225.5030511664286,
        508.2716967735714
      ],
      [
        3086.878201816786,
        490.80010991071435
      ],
      [
        1035.5242243940909,
        3674.5696772877277
      ],
      [
        3383.4272910949994,
        3439.8137205108333
      ],
      [
        2632.5572936500002,
        1787.5105450375
      ],
      [
        1329.2333724792857,
        2006.2356395378572
      ],
      [
        2168.069904983571,
        808.9899437649999
      ],
      [
        393.4448113589997,
        507.17187151400003
      ],
      [
        478.8047946692859,
        1415.49107496
      ],
      [
        3775.5474142020003,
        1364.299578094
      ],
      [
        3604.6719768087496,
        2537.69019457875
      ],
      [
        2436.2569859875002,
        3635.804609915833
      ],
      [
        760.6758432093334,
        2740.7499726133333
      ]
    ]
  },
  "15": {
    "obf": 334.8237446663326,
    "bss_locations": [
      [
        760.6758432093334,
        2740.7499726133333
      ],
      [
        2127.2604614346155,
        791.3712878346153
      ],
      [
        2038.8438958573684,
        2869.7364038242104
      ],
      [
        393.4448113589997,
        507.17187151400003
      ],
      [
        3373.5001511174996,
        291.8467877341668
      ],
      [
        977.568246045,
        3712.1116355225
      ],
      [
        2598.757552472143,
        3571.432091212857
      ],
      [
        3533.6729946054547,
        2689.5229425436364
      ],
      [
        2599.9581533564706,
        1808.055672635294
      ],
      [
        3775.5474142020003,
        1364.299578094
      ],
      [
        1303.000783796923,
        1972.4303599346154
      ],
      [
        478.8047946692859,
        1415.49107496
      ],
      [
        1225.5030511664286,
        508.2716967735714
      ],
      [
        2861.716500504706,
        663.4278879735296
      ],
      [
        3594.9073455083335,
        3707.10388261
      ]
    ]
  },
  "16": {
    "obf": 334.4075677326305,
    "bss_locations": [
      [
        2254.661404586154,
        1000.3986306046154
      ],
      [
        2442.1847868377777,
        3735.6540766155554
      ],
      [
        437.3516815745454,
        467.94047890818183
      ],
      [
        3673.2715929614287,
        2502.0935382899997
      ],
      [
        770.4319213757142,
        2784.5246933678573
      ],
      [
        3710.71261522,
        508.08699419749996
      ],
      [
        1170.562831815,
        1998.4717347728572
      ],
      [
        2907.2948058508696,
        532.6630788499999
      ],
      [
        1332.0083769533333,
        526.3305864013332
      ],
      [
        2894.8779237827275,
        3064.358491539091
      ],
      [
        2274.644565120769,
        2153.2474833215383
      ],
      [
        3611.0887510442853,
        3624.4303957757143
      ],
      [
        977.568246045,
        3712.1116355225
      ],
      [
        1821.7402593858333,
        2989.6904294549995
      ],
      [
        3146.767328897,
        1645.715732243
      ],
      [
        463.4775191930769,
        1374.6788153500001
      ]
    ]
  },
  "17": {
    "obf": 335.4741633173198,