{"obf": 325.88949345972, "bss_locations": [[2254.661404586154, 1000.3986306046154], [2442.1847868377777, 3735.6540766155554], [437.3516815745454, 467.94047890818183], [3673.2715929614287, 2502.0935382899997], [770.4319213757142, 2784.5246933678573], [3710.71261522, 508.08699419749996], [1170.562831815, 1998.4717347728572], [2907.2948058508696, 532.6630788499999], [1332.0083769533333, 526.3305864013332], [2894.8779237827275, 3064.358491539091], [2274.644565120769, 2153.2474833215383], [3611.0887510442853, 3624.4303957757143], [1821.7402593858333, 2989.6904294549995], [3146.767328897, 1645.715732243], [463.4775191930769, 1374.6788153500001]], "removed": [977.568246045, 3712.1116355225]}