{"global_counter": 128, "obf_init": 22.916243769250528, "obf": 34.013370741772064, "total_association_changes": 0, "obf_time_list": [[22.916243769250528, 0], [29.21856291726184, 1.6595569372177124], [31.21505874422249, 4.312138954798381], [31.254352987464536, 0.015474005540211996], [32.98914226466741, 0.2961298108100891], [33.216785569521626, 1.6153557221094768], [33.23677825817023, 0.009313058853149415], [33.34733857296726, 0.1376280943552653], [33.38785357958888, 1.0468279560407003], [33.4288857419032, 0.008921106656392416], [33.4288857419032, 0.020093862215677896], [33.50731332499786, 0.15915963649749756], [34.013370741772064, 1.5974375009536743], [34.013370741772064, 0.003066682815551758], [34.013370741772064, 0.02168164650599162], [34.013370741772064, 0.020505714416503906], [34.013370741772064, 0.019838976860046386]], "obf_list": [23.268733327690903, 23.604420614541773, 23.916668511506046, 24.195459224687973, 24.424799019224103, 24.620998145675745, 24.802034320045625, 24.986427669140774, 25.154583892887587, 25.323529226110633, 25.492613876610584, 25.65470951572079, 25.800495235807652, 25.946451146026114, 26.071595223677495, 26.183547179421847, 26.29918335581729, 26.41473668483253, 26.52196405758948, 26.613694944355622, 26.702815034518252, 26.795761069643753, 26.88785828184239, 26.981473228976174, 27.07714003218588, 27.16033780861789, 27.23602677127116, 27.31390352043636, 27.395628612039502, 27.466731604257077, 27.537691253806585, 27.601636411123515, 27.667337124352954, 27.72497965568905, 27.783739174896095, 27.840828527483737, 27.89690887387487, 27.95297682973343, 27.997573869515435, 28.037192174964755, 28.07779078695623, 28.12068834606457, 28.167283644587457, 28.212248535690417, 28.25900823890563, 28.312557925935963, 28.360100607650608, 28.403495017614624, 28.439385274790098, 28.479491097525184, 28.525452023283847, 28.57206795246086, 28.621469685368552, 28.670902313467337, 28.719984513827235, 28.765125630372555, 28.816554851084877, 28.846846331319085, 28.881000598095014, 28.91874380684449, 28.959178004938995, 28.991007859757282, 29.037038728918652, 29.07253909352365, 29.096928323904983, 29.12894610901549, 29.163578267637252, 29.19077478299181, 29.21856291726184, 29.21856291726184, 29.730495962638308, 30.197289760476643, 30.490551187178696, 30.755990951390068, 30.990358570625816, 31.069253272635233, 31.129268225510508, 31.177809416502054, 31.21505874422249, 31.21505874422249, 31.254352987464536, 31.254352987464536, 32.19631593334631, 32.478401966581885, 32.65641784283926, 32.76825205486688, 32.81960569070347, 32.85264779654992, 32.86684941300629, 32.883228178566306, 32.90056716391137, 32.91921482612892, 32.94637803023967, 32.9891422646674, 32.98914226466741, 32.98914226466741, 33.17695310868724, 33.216785569521626, 33.216785569521626, 33.23677825817023, 33.23677825817023, 33.25089091275791, 33.25174695641829, 33.26784618173132, 33.311534581789495, 33.33712730533867, 33.34733857296726, 33.34733857296726, 33.38785357958888, 33.38785357958888, 33.4288857419032, 33.4288857419032, 33.4288857419032, 33.46083684191702, 33.467715450846704, 33.47376673235408, 33.48650800858384, 33.49156323416971, 33.49852804159219, 33.50731332499786, 33.50731332499786, 34.009214641711935, 34.013370741772064, 34.013370741772064, 34.013370741772064, 34.013370741772064, 34.013370741772064, 34.013370741772064], "alg_list": ["PROB", "PROB", "PROB", "PROB", "PROB", "PROB", "PROB", "PROB", "PROB", "PROB", "PROB", "PROB", "PROB", "PROB", "PROB", "PROB", "PROB", "PROB", "PROB", "PROB", "PROB", "PROB", "PROB", "PROB", "PROB", "PROB", "PROB", "PROB", "PROB", "PROB", "PROB", "PROB", "PROB", "PROB", "PROB", "PROB", "PROB", "PROB", "PROB", "PROB", "PROB", "PROB", "PROB", "PROB", "PROB", "PROB", "PROB", "PROB", "PROB", "PROB", "PROB", "PROB", "PROB", "PROB", "PROB", "PROB", "PROB", "PROB", "PROB", "PROB", "PROB", "PROB", "PROB", "PROB", "PROB", "PROB", "PROB", "PROB", "PROB", "PROB", "UAC", "UAC", "UAC", "UAC", "UAC", "UAC", "UAC", "UAC", "UAC", "UAC", "UPAS", "UPAS", "PROB", "PROB", "PROB", "PROB", "PROB", "PROB", "PROB", "PROB", "PROB", "PROB", "PROB", "PROB", "PROB", "PROB", "UAC", "UAC", "UAC", "UPAS", "UPAS", "PROB", "PROB", "PROB", "PROB", "PROB", "PROB", "PROB", "UAC", "UAC", "UPAS", "UPAS", "PROB", "PROB", "PROB", "PROB", "PROB", "PROB", "PROB", "PROB", "PROB", "UAC", "UAC", "UAC", "UPAS", "PROB", "PROB", "PROB"], "piru_list": [0.1, 0.1, 0.1, 0.1, 0.1, 0.1, 0.1, 0.1, 0.1, 0.1, 0.1, 0.1, 0.1, 0.1, 0.1, 0.1, 0.1, 0.1, 0.1, 0.1, 0.1, 0.1, 0.1, 0.1, 0.1, 0.1, 0.1, 0.1, 0.1, 0.1, 0.1, 0.1, 0.1, 0.1, 0.1, 0.1, 0.1, 0.1, 0.1, 0.1, 0.1, 0.1, 0.1, 0.1, 0.1, 0.1, 0.1, 0.1, 0.1, 0.1, 0.1, 0.1, 0.1, 0.1, 0.1, 0.1, 0.1, 0.1, 0.1, 0.1, 0.1, 0.1, 0.1, 0.1, 0.1, 0.1, 0.1, 0.1, 0.1, 0.1, -1, -1, -1, -1, -1, -1, -1, -1, -1, -1, -1, -1, 0.1, 0.1, 0.1, 0.1, 0.1, 0.1, 0.1, 0.1, 0.1, 0.1, 0.1, 0.1, 0.1, 0.1, -1, -1, -1, -1, -1, 0.1, 0.1, 0.1, 0.1, 0.1, 0.1, 0.1, -1, -1, -1, -1, 0.1, 0.05, 0.05, 0.05, 0.05, 0.05, 0.05, 0.05, 0.05, -1, -1, -1, -1, 0.05, 0.025, 0.0125],