{"global_counter": 34, "obf_init": 263.3595804892334, "obf": 266.87180619684693, "total_association_changes": 0, "obf_time_list": [[263.3595804892334, 0], [264.6775910601152, 0.499733034769694], [265.7820449170814, 2.5992268482844034], [265.7820449170814, 0.015030384063720703], [266.86700961391705, 0.11442690292994182], [266.86700961391705, 0.514428969224294], [266.87180619684693, 0.08926796913146973], [266.87180619684693, 0.7234168569246928], [266.87180619684693, 0.02610632578531901], [266.87180619684693, 0.025920188426971434]], "obf_list": [263.5983848090551, 263.8173406052123, 264.0094922227582, 264.1644139967224, 264.2655651816081, 264.36135159616936, 264.4380682420141, 264.4946904160764, 264.54903581926567, 264.58920083075697, 264.62021987176536, 264.6451938950194, 264.67053902110143, 264.6775910601152, 264.6775910601152, 265.0977223300777, 265.47030523558914, 265.7032661362267, 265.7820449170814, 265.7820449170814, 265.7820449170814, 266.2339657302684, 266.63370863529417, 266.86412865782205, 266.86700961391705, 266.86700961391705, 266.86700961391705, 266.87042706896193, 266.87110634958424, 266.87180619684693, 266.87180619684693, 266.87180619684693, 266.87180619684693, 266.87180619684693], "alg_list": ["PROB", "PROB", "PROB", "PROB", "PROB", "PROB", "PROB", "PROB", "PROB", "PROB", "PROB", "PROB", "PROB", "PROB", "PROB", "UAC", "UAC", "UAC", "UAC", "UAC", "UPAS", "PROB", "PROB", "PROB", "PROB", "PROB", "UAC", "PROB", "PROB", "PROB", "PROB", "UAC", "PROB", "PROB"], "piru_list": [0.1, 0.1, 0.1, 0.1, 0.1, 0.1, 0.1, 0.1, 0.1, 0.1, 0.1, 0.1, 0.1, 0.1, 0.1, -1, -1, -1, -1, -1, -1, 0.1, 0.1, 0.1, 0.1, 0.1, -1, 0.05, 0.05, 0.05, 0.05, -1, 0.025, 0.0125], "detail_list": ["bss = 15 , pre_pi = 1.000 , new_pi = 0.900", "bss = 15 , pre_pi = 0.900 , new_pi = 0.800", "bss = 15 , pre_pi = 0.800 , new_pi = 0.700", "bss = 15 , pre_pi = 0.700 , new_pi = 0.600", "bss = 15 , pre_pi = 0.600 , new_pi = 0.500", "bss = 3 , pre_pi = 1.000 , new_pi = 0.900", "bss = 3 , pre_pi = 0.900 , new_pi = 0.800", "bss = 6 , pre_pi = 1.000 , new_pi = 0.900", "bss = 3 , pre_pi = 0.800 , new_pi = 0.700", "bss = 13 , pre_pi = 1.000 , new_pi = 0.900", "bss = 15 , pre_pi = 0.500 , new_pi = 0.400", "bss = 6 , pre_pi = 0.900 , new_pi = 0.800", "bss = 3 , pre_pi = 0.700 , new_pi = 0.600", "bss = 13 , pre_pi = 0.900 , new_pi = 0.800", "-", "user = 175 , pre_bss = 11 , new_bss = 6", "user = 175 , pre_bss = 11 , new_bss = 6", "user = 175 , pre_bss = 11 , new_bss = 6", "user = 175 , pre_bss = 11 , new_bss = 6", "-", "-", "bss = 15 , pre_pi = 0.400 , new_pi = 0.300", "bss = 15 , pre_pi = 0.300 , new_pi = 0.200", "bss = 15 , pre_pi = 0.200 , new_pi = 0.100", "bss = 11 , pre_pi = 1.000 , new_pi = 0.900", "-", "-", "bss = 6 , pre_pi = 0.800 , new_pi = 0.750", "bss = 13 , pre_pi = 0.800 , new_pi = 0.750", "bss = 3 , pre_pi = 0.600 , new_pi = 0.550", "-", "-", "-", "-"], "bss_weights": [1.0, 1.0, 1.0, 0.55, 1.0, 1.0, 0.75, 1.0, 1.0, 1.0, 1.0, 0.9, 1.0, 0.75, 1.0, 0.10000000000000014], "bss_positions": [[2442.1847868377777, 3735.6540766155554], [2121.82737026, 985.59148072], [1216.0773542733334, 1981.0366007393334], [3775.5474142020003, 1364.299578094], [463.4775191930769, 1374.6788153500001], [770.4319213757143, 2784.5246933678573], [2781.668990707, 1650.267288984], [393.444811359, 507.171871514], [1303.534127376875, 498.161584304375], [3611.0887510442853, 3624.4303957757143], [977.568246045, 3712.1116355225], [3673.2715929614287, 2502.0935382899997], [2364.74732342, 2160.698351001111], [1783.591316977857, 2929.588536710714], [3086.6336395735716, 538.8664990221429], [1742.36614843, 2437.3643359649996]]}